Method,Baseline,HNB,,,HNB-s,RNB,,
k,,30,40,50,,30,40,50
NB: Accuracy (in %),67.2 (62.5),66.8 (63.6),66.8 (66.4),67.2 (68.1),65.9 (66.0),66.4 (66.4),66.8 (63.8),67.2 (64.2)
Compression,/,0.0008,0.00107,,0.07,0.0008,0.00107,